{"cameraMode":{"drawMode":0,"name":"Shaded","section":"Shading Mode"},"sceneLighting":false,"audioPlay":false,"sceneViewState":{"m_AlwaysRefresh":false,"showFog":true,"showSkybox":false,"showFlares":true,"showImageEffects":true,"showParticleSystems":true,"showVisualEffectGraphs":true,"m_FxEnabled":true},"in2DMode":false,"pivot":{"x":-14.552435874938965,"y":5.332130432128906,"z":1.7559255361557007},"rotation":{"x":0.31544333696365359,"y":0.23602710664272309,"z":-0.08131888508796692,"w":0.9155243039131165},"size":1.2247449159622193,"orthographic":false}